{"intercept": -190078.00275754, "coefficients": [189080.88062185762, 11720.968379006605, 1605422.3144240326, -9944.093817455787]}